{"sections":{"banner":{"type":"main-collection-banner","disabled":true,"settings":{"show_collection_description":true,"show_collection_image":false,"color_scheme":"scheme-1"}},"image_with_text_UWKGin":{"type":"image-with-text","blocks":{"heading_dtjfNr":{"type":"heading","settings":{"heading":"Fischbrötchen Imbiss","heading_size":"h1"}},"text_KAQ368":{"type":"text","settings":{"text":"<p>Unsere superleckeren Fischbrötchen oder die tomatisierte Fischsuppe könnt ihr zwischen <strong>08:00<\/strong> Uhr und <strong>20:00<\/strong> Uhr bestellen. Zwischen <strong>12:00<\/strong> Uhr und <strong>20:00 <\/strong>Uhr stehen die Bestellungen dann zur Abholung bereit, in dieser Zeit hat das Restaurant nämlich geöffnet.<\/p>","text_style":"body"}},"button_Nf9TfR":{"type":"button","settings":{"button_label":"Imbiss Karte","button_link":"shopify:\/\/collections\/frontpage","button_style_secondary":true}}},"block_order":["heading_dtjfNr","text_KAQ368","button_Nf9TfR"],"settings":{"image":"shopify:\/\/shop_images\/thumbnail_cFYzvem-OGActby-BbkBnwW_H-T-e.jpg","height":"adapt","desktop_image_width":"medium","layout":"image_first","desktop_content_position":"top","desktop_content_alignment":"left","content_layout":"no-overlap","section_color_scheme":"","color_scheme":"scheme-3","image_behavior":"none","mobile_content_alignment":"left","padding_top":36,"padding_bottom":36}},"product-grid":{"type":"main-collection-product-grid","settings":{"products_per_page":16,"columns_desktop":3,"color_scheme":"scheme-1","image_ratio":"adapt","image_shape":"default","show_secondary_image":true,"show_vendor":false,"show_rating":false,"enable_filtering":false,"filter_type":"horizontal","enable_sorting":false,"columns_mobile":"1","padding_top":36,"padding_bottom":36}}},"order":["banner","image_with_text_UWKGin","product-grid"]}