{"sections":{"image_banner":{"type":"image-banner","blocks":{"heading":{"type":"heading","settings":{"heading":"Fischhaus am Glubigsee","heading_size":"h0"}},"text_EKpbWh":{"type":"text","settings":{"text":"","text_style":"subtitle"}},"button":{"type":"buttons","settings":{"button_label_1":"Tisch reservieren","button_link_1":"shopify:\/\/pages\/contact","button_style_secondary_1":false,"button_label_2":"Zimmer buchen","button_link_2":"shopify:\/\/pages\/zimmer","button_style_secondary_2":false}}},"block_order":["heading","text_EKpbWh","button"],"settings":{"image":"shopify:\/\/shop_images\/Fischhaus-Glubigsee-Haus.png","image_overlay_opacity":40,"image_height":"large","desktop_content_position":"middle-center","show_text_box":false,"desktop_content_alignment":"center","color_scheme":"scheme-2","image_behavior":"none","mobile_content_alignment":"center","stack_images_on_mobile":false,"show_text_below":false}},"rich_text_KzCWTb":{"type":"rich-text","blocks":{"heading_VefQfn":{"type":"heading","settings":{"heading":"Herzlich Willkommen!","heading_size":"h2"}},"text_nePrbb":{"type":"text","settings":{"text":"<p>Freuen Sie sich auf das Spiel der Natur, genießen Sie die Köstlichkeiten von Küche und Büfett und vergessen Sie für einige Stunden oder Tage die Hektik des Alltages. Die romantisch gehaltenen Räumlichkeiten vermitteln das Gefühl bei Bekannten zu sein.<\/p>"}},"button_MNRkYR":{"type":"button","settings":{"button_label":"","button_link":"shopify:\/\/pages\/contact","button_style_secondary":false,"button_label_2":"","button_link_2":"","button_style_secondary_2":false}}},"block_order":["heading_VefQfn","text_nePrbb","button_MNRkYR"],"settings":{"desktop_content_position":"center","content_alignment":"center","color_scheme":"","full_width":true,"padding_top":40,"padding_bottom":52}},"featured_blog_pHHRn9":{"type":"featured-blog","settings":{"heading":"Neues aus dem Fischhaus","heading_size":"h2","blog":"news","post_limit":2,"columns_desktop":2,"color_scheme":"scheme-1","show_image":true,"show_date":false,"show_author":false,"show_view_all":true,"padding_top":40,"padding_bottom":40}},"image_with_text_BXMxFG":{"type":"image-with-text","blocks":{"heading_KeccER":{"type":"heading","settings":{"heading":"Unser Restaurant","heading_size":"h1"}},"text_XkRCGB":{"type":"text","settings":{"text":"<p>Unsere Küche für Frische, Regionalität, Nachhaltigkeit und die modernen Interpretation traditioneller Gerichte.<\/p><p>Die Fische beziehen wir von ortsansässigen Fischern aus den Gewässern der Region. Fische aus der Ostsee und dem Bodden von Fischereibetrieben unseres Vertrauens.<\/p><p>Die saisonal geprägte Speisenkarte wird durch das Tagesangebot je nach aktuellem Fang ergänzt. Ausgewählte Fleisch- und vegetarische Gerichte runden das Angebot ab. Zu besonderen Feiertagen und Anlässen bieten wir passende Menüs und Spezialitäten an.<\/p>","text_style":"body"}},"button_BcdMHm":{"type":"button","settings":{"button_label":"Über das Restaurant","button_link":"shopify:\/\/pages\/restaurant","button_style_secondary":true}}},"block_order":["heading_KeccER","text_XkRCGB","button_BcdMHm"],"settings":{"image":"shopify:\/\/shop_images\/thumbnail_XJIHINE-lfDVZxz-rnBRrQb_d-k-e.jpg","height":"medium","desktop_image_width":"small","layout":"image_first","desktop_content_position":"top","desktop_content_alignment":"left","content_layout":"no-overlap","section_color_scheme":"","color_scheme":"","image_behavior":"none","mobile_content_alignment":"left","padding_top":36,"padding_bottom":80}},"featured_collection":{"type":"featured-collection","settings":{"title":"Frisch von unserer Fischtheke","heading_size":"h2","description":"<p>Unsere superleckeren Fischbrötchen oder die tomatisierte Fischsuppe könnt ihr zwischen <strong>08:00<\/strong> Uhr und <strong>20:00<\/strong> Uhr bestellen. Zwischen <strong>12:00<\/strong> Uhr und <strong>20:00<\/strong> Uhr stehen die Bestellungen dann zur Abholung bereit, in dieser Zeit hat das Restaurant nämlich geöffnet.<\/p>","show_description":false,"description_style":"body","collection":"all","products_to_show":6,"columns_desktop":3,"full_width":false,"show_view_all":true,"view_all_style":"solid","enable_desktop_slider":true,"color_scheme":"scheme-3","image_ratio":"square","image_shape":"round","show_secondary_image":true,"show_vendor":false,"show_rating":false,"columns_mobile":"2","swipe_on_mobile":false,"padding_top":40,"padding_bottom":40}},"collage_jT9by7":{"type":"collage","blocks":{"image_r3rBXV":{"type":"image","settings":{"image":"shopify:\/\/shop_images\/thumbnail_eTChbxJ-IpxHLVH-cQalMmF_I-C-z.jpg"}},"image_kWfRRN":{"type":"image","settings":{"image":"shopify:\/\/shop_images\/thumbnail_cFYzvem-OGActby-BbkBnwW_H-T-e.jpg"}},"image_4LyHyk":{"type":"image","settings":{"image":"shopify:\/\/shop_images\/thumbnail_fDyseDk-fHWIvlK-lVrzMoK_D-p-t.jpg"}}},"block_order":["image_r3rBXV","image_kWfRRN","image_4LyHyk"],"settings":{"heading":"Genießen Sie die Ruhe","heading_size":"h1","desktop_layout":"left","mobile_layout":"column","card_styles":"product-card-wrapper","color_scheme":"","padding_top":80,"padding_bottom":8}},"image_with_text_WMUHaQ":{"type":"image-with-text","blocks":{"heading_7Hid9h":{"type":"heading","settings":{"heading":"Unser Hotel","heading_size":"h1"}},"text_XkWEqi":{"type":"text","settings":{"text":"<p>Unsere Räumlichkeiten bieten hochwertigen Komfort in Verbindung mit herzlichem Service, der Sie rundum begeistern wird. Das reetgedeckte Haus befindet sich in idealer und gleichzeitig ruhiger Lage - perfekt, um den Tag zu genießen und den Alltag hinter sich zu lassen. <\/p>","text_style":"body"}},"button_4FnXgz":{"type":"button","settings":{"button_label":"Zu den Zimmern","button_link":"shopify:\/\/pages\/appartment","button_style_secondary":true}}},"block_order":["heading_7Hid9h","text_XkWEqi","button_4FnXgz"],"settings":{"image":"shopify:\/\/shop_images\/thumbnail_tUwSRll-kamtPlO-SpIzmea_G-b-A.jpg","height":"adapt","desktop_image_width":"medium","layout":"image_first","desktop_content_position":"top","desktop_content_alignment":"left","content_layout":"no-overlap","section_color_scheme":"","color_scheme":"","image_behavior":"none","mobile_content_alignment":"left","padding_top":0,"padding_bottom":8}},"collage_rjW6hB":{"type":"collage","blocks":{"image_JekAt7":{"type":"image","settings":{"image":"shopify:\/\/shop_images\/thumbnail_CNkksDR-DbNgaEb-EPclBdJ_C-J-w.jpg"}},"image_HV9WLY":{"type":"image","settings":{"image":"shopify:\/\/shop_images\/thumbnail_pJMdcUC-kVqBlPW-kkFLLrf_F-K-F.jpg"}},"image_KeykC4":{"type":"image","settings":{"image":"shopify:\/\/shop_images\/thumbnail_HyvTbiC-pyTUYyk-iBDwlnD_D-L-d.jpg"}}},"block_order":["image_JekAt7","image_HV9WLY","image_KeykC4"],"settings":{"heading":"","heading_size":"h1","desktop_layout":"right","mobile_layout":"column","card_styles":"product-card-wrapper","color_scheme":"","padding_top":0,"padding_bottom":36}},"rich_text_bWbzzy":{"type":"rich-text","blocks":{"heading_Fi9tXL":{"type":"heading","settings":{"heading":"Die Umgebung","heading_size":"h1"}},"text_DUdKQG":{"type":"text","settings":{"text":"<p>Sobald man über die romantische Holzbrücke geht, die zum Fisch-Haus auf der Halbinsel am Kleinen Glubigsee führt, ist der Alltag sofort vergessen. Auf dem Wasser blühen Seerosen, am Steg liegen Fischerboote, das verträumte Haus mit dem charakteristischen Reetdach versprüht Ostsee-Flair. Dieses stilsichere Ambiente zieht viele Einheimische, Wasserwanderer und Feinschmecker von nah und fern an den Rand des Örtchens Wendisch-Rietz in der Mark Brandenburg.<br\/><br\/>Die Landschaft mit ihren Seen und Fließen ist ideal für ausgedehnte Spaziergänge. Ob es zur Schleuse in Wendisch Rietz oder zum Landschaftsschutzgebiet Möllensdorfer Heide gehen soll - das Personal des Restaurants berät gern. Bei uns können Sie auch mit einer romantischen Kahnfahrt die Umgebung des kleinen und großen Glubigsees und des Springsees erkunden.<\/p>"}},"button_AGDqQx":{"type":"button","settings":{"button_label":"","button_link":"","button_style_secondary":false,"button_label_2":"","button_link_2":"","button_style_secondary_2":false}}},"block_order":["heading_Fi9tXL","text_DUdKQG","button_AGDqQx"],"settings":{"desktop_content_position":"left","content_alignment":"left","color_scheme":"","full_width":true,"padding_top":8,"padding_bottom":100}},"image_banner_VhqngU":{"type":"image-banner","settings":{"image":"shopify:\/\/shop_images\/Fish_1.png","image_overlay_opacity":0,"image_height":"adapt","desktop_content_position":"top-left","show_text_box":false,"desktop_content_alignment":"center","color_scheme":"","image_behavior":"none","mobile_content_alignment":"center","stack_images_on_mobile":true,"show_text_below":true}}},"order":["image_banner","rich_text_KzCWTb","featured_blog_pHHRn9","image_with_text_BXMxFG","featured_collection","collage_jT9by7","image_with_text_WMUHaQ","collage_rjW6hB","rich_text_bWbzzy","image_banner_VhqngU"]}