{"sections":{"main":{"type":"main-page","disabled":true,"settings":{"padding_top":28,"padding_bottom":28}},"image_with_text_6kRVDJ":{"type":"image-with-text","blocks":{"heading_z76XHY":{"type":"heading","settings":{"heading":"Doppelzimmer","heading_size":"h1"}},"text_wDRchh":{"type":"text","settings":{"text":"<p>Schönes Einzelzimmer direkt am See. Genießen Sie die malerische Umgebung unseres und lassen Sie sich von der Ruhe und Entspannung verzaubern.<\/p><ul><li>24m²<\/li><li>King Size Bett<\/li><li>Blick zur Strasse oder Hof<\/li><li>kostenfreies WLan<\/li><li>TV<\/li><li>Badewanne<\/li><li>kostenfreie Flasche Wasser<\/li><\/ul>","text_style":"body"}},"button_FzCyit":{"type":"button","settings":{"button_label":"Jetzt buchen","button_link":"shopify:\/\/pages\/contact","button_style_secondary":false}}},"block_order":["heading_z76XHY","text_wDRchh","button_FzCyit"],"settings":{"image":"shopify:\/\/shop_images\/202102616301341_Doppelzimmer.jpg-720x480.jpg","height":"adapt","desktop_image_width":"medium","layout":"image_first","desktop_content_position":"top","desktop_content_alignment":"left","content_layout":"no-overlap","section_color_scheme":"","color_scheme":"","image_behavior":"zoom-in","mobile_content_alignment":"left","padding_top":36,"padding_bottom":8}},"collage_zjPYCt":{"type":"collage","blocks":{"image_F96GKr":{"type":"image","settings":{"image":"shopify:\/\/shop_images\/202102616134971_AppartmentxmitxTerrassexx2x.jpg-960x640.jpg"}},"image_Tk8CMq":{"type":"image","settings":{"image":"shopify:\/\/shop_images\/2021026162313540_ZustellbettxAppartmentxmitxTerrasse.jpg-960x640.jpg"}},"image_KPf6Xp":{"type":"image","settings":{"image":"shopify:\/\/shop_images\/202102616207613_AppartmentxmitxTerrassexNebengebxxxude.jpg-960x640.jpg"}}},"block_order":["image_F96GKr","image_Tk8CMq","image_KPf6Xp"],"settings":{"heading":"","heading_size":"h1","desktop_layout":"left","mobile_layout":"column","card_styles":"product-card-wrapper","color_scheme":"","padding_top":0,"padding_bottom":36}},"collapsible_content_pj8gkJ":{"type":"collapsible-content","blocks":{"collapsible_row_KVc6CU":{"type":"collapsible_row","settings":{"heading":"Ausstattung","icon":"clipboard","row_content":"<ul><li>Internet<\/li><li>Terrasse<\/li><li>WC<\/li><li>Nichtraucher<\/li><li>Wohnküche<\/li><li>Wohnzimmer mit Schlafcouch<\/li><li>Kaffeemaschine<\/li><li>Sitzecke<\/li><li>Wasserkocher<\/li><li>Kabel-\/Sat-TV<\/li><li>Badezimmer m. Dusche<\/li><li>Geschirr<\/li><li>Herd m. 2 Platten<\/li><li>Kühlschrank<\/li><\/ul>","page":""}}},"block_order":["collapsible_row_KVc6CU"],"settings":{"caption":"","heading":"","heading_size":"h1","heading_alignment":"center","layout":"none","color_scheme":"","container_color_scheme":"","open_first_collapsible_row":false,"image_ratio":"adapt","desktop_layout":"image_second","padding_top":36,"padding_bottom":36}}},"order":["main","image_with_text_6kRVDJ","collage_zjPYCt","collapsible_content_pj8gkJ"]}