{"sections":{"main":{"type":"main-page","disabled":true,"settings":{"padding_top":28,"padding_bottom":28}},"image_banner_mwq9y4":{"type":"image-banner","blocks":{"heading_9VpLQg":{"type":"heading","settings":{"heading":"Unsere Zimmer","heading_size":"h1"}},"text_qFwVQM":{"type":"text","settings":{"text":"Lorem ipsum dolor sit amet","text_style":"subtitle"}},"buttons_6fBfH6":{"type":"buttons","settings":{"button_label_1":"","button_link_1":"","button_style_secondary_1":false,"button_label_2":"","button_link_2":"","button_style_secondary_2":false}}},"block_order":["heading_9VpLQg","text_qFwVQM","buttons_6fBfH6"],"settings":{"image":"shopify:\/\/shop_images\/2021026161327956_AppartementxmitxTerrasse.jpg-720x480.jpg","image_overlay_opacity":0,"image_height":"medium","desktop_content_position":"top-center","show_text_box":false,"desktop_content_alignment":"center","color_scheme":"scheme-2","image_behavior":"none","mobile_content_alignment":"center","stack_images_on_mobile":true,"show_text_below":true}},"image_with_text_9JxgdT":{"type":"image-with-text","blocks":{"heading_pLgCtn":{"type":"heading","settings":{"heading":"Einzelzimmer","heading_size":"h2"}},"text_HGNLQa":{"type":"text","settings":{"text":"<p>18 Quadratmeter mit King Size Bett, Dusche und Blick zur Straße oder zum Hof.<\/p>","text_style":"body"}},"button_MqRPr3":{"type":"button","settings":{"button_label":"Weitere Details","button_link":"shopify:\/\/pages\/einzelzimmer","button_style_secondary":true}}},"block_order":["heading_pLgCtn","text_HGNLQa","button_MqRPr3"],"settings":{"image":"shopify:\/\/shop_images\/202102616301341_Doppelzimmer.jpg-720x480.jpg","height":"adapt","desktop_image_width":"medium","layout":"image_first","desktop_content_position":"top","desktop_content_alignment":"left","content_layout":"no-overlap","section_color_scheme":"","color_scheme":"","image_behavior":"none","mobile_content_alignment":"left","padding_top":36,"padding_bottom":36}},"image_with_text_j9Bc8w":{"type":"image-with-text","blocks":{"heading_i34k6J":{"type":"heading","settings":{"heading":"Doppelzimmer","heading_size":"h2"}},"text_H8c4cA":{"type":"text","settings":{"text":"<p>24 Quadratmeter mit King Size Bett, Badewanne und Blick zur Straße oder zum Hof.<\/p>","text_style":"body"}},"button_XUUnBG":{"type":"button","settings":{"button_label":"Weitere Details","button_link":"shopify:\/\/pages\/doppelzimmer","button_style_secondary":true}}},"block_order":["heading_i34k6J","text_H8c4cA","button_XUUnBG"],"settings":{"image":"shopify:\/\/shop_images\/202102616301341_Doppelzimmer.jpg-720x480.jpg","height":"adapt","desktop_image_width":"medium","layout":"text_first","desktop_content_position":"top","desktop_content_alignment":"left","content_layout":"no-overlap","section_color_scheme":"","color_scheme":"","image_behavior":"none","mobile_content_alignment":"left","padding_top":36,"padding_bottom":36}},"image_with_text_gRHXcW":{"type":"image-with-text","blocks":{"heading_T4JjUW":{"type":"heading","settings":{"heading":"Appartment","heading_size":"h2"}},"text_Ur9pwX":{"type":"text","settings":{"text":"<p>45 Quadratmeter mit King Size Bett, Dusche und Blick zur Straße oder zum Hof.<\/p>","text_style":"body"}},"button_6iQaGK":{"type":"button","settings":{"button_label":"Weitere Details","button_link":"shopify:\/\/pages\/appartment","button_style_secondary":true}}},"block_order":["heading_T4JjUW","text_Ur9pwX","button_6iQaGK"],"settings":{"image":"shopify:\/\/shop_images\/2021026161327956_AppartementxmitxTerrasse.jpg-720x480.jpg","height":"adapt","desktop_image_width":"medium","layout":"image_first","desktop_content_position":"top","desktop_content_alignment":"left","content_layout":"no-overlap","section_color_scheme":"","color_scheme":"","image_behavior":"none","mobile_content_alignment":"left","padding_top":36,"padding_bottom":36}},"image_with_text_QnrYg7":{"type":"image-with-text","blocks":{"heading_rDR8yt":{"type":"heading","settings":{"heading":"Appartment Fischhaus","heading_size":"h2"}},"text_WrbGPF":{"type":"text","settings":{"text":"<p>50 Quadratmeter mit King Size Bett, Badewanne und Blick zur Straße oder zum Hof.<\/p>","text_style":"body"}},"button_HQQadB":{"type":"button","settings":{"button_label":"Weitere Details","button_link":"shopify:\/\/pages\/appartment-fischhaus","button_style_secondary":true}}},"block_order":["heading_rDR8yt","text_WrbGPF","button_HQQadB"],"settings":{"image":"shopify:\/\/shop_images\/202102617631346_AppartementxSeexFlusblickxx2x.jpg-960x640.jpg","height":"adapt","desktop_image_width":"medium","layout":"text_first","desktop_content_position":"top","desktop_content_alignment":"left","content_layout":"no-overlap","section_color_scheme":"","color_scheme":"","image_behavior":"none","mobile_content_alignment":"left","padding_top":36,"padding_bottom":36}},"image_banner_PVr9Dt":{"type":"image-banner","settings":{"image":"shopify:\/\/shop_images\/Fish_3_7eca61e6-426a-4988-aad0-4db2bd12d8be.png","image_overlay_opacity":0,"image_height":"adapt","desktop_content_position":"middle-center","show_text_box":false,"desktop_content_alignment":"center","color_scheme":"","image_behavior":"none","mobile_content_alignment":"center","stack_images_on_mobile":true,"show_text_below":true}}},"order":["main","image_banner_mwq9y4","image_with_text_9JxgdT","image_with_text_j9Bc8w","image_with_text_gRHXcW","image_with_text_QnrYg7","image_banner_PVr9Dt"]}