{"sections":{"main":{"type":"main-page","settings":{"padding_top":36,"padding_bottom":36}},"form":{"type":"contact-form","settings":{"heading":"","heading_size":"h1","color_scheme":"scheme-1","padding_top":36,"padding_bottom":0}},"image_banner_6c8hmT":{"type":"image-banner","settings":{"image":"shopify:\/\/shop_images\/Fish_4.png","image_overlay_opacity":0,"image_height":"adapt","desktop_content_position":"middle-center","show_text_box":false,"desktop_content_alignment":"center","color_scheme":"","image_behavior":"none","mobile_content_alignment":"center","stack_images_on_mobile":true,"show_text_below":false}},"image_with_text_arUzqt":{"type":"image-with-text","blocks":{"heading_nq63D4":{"type":"heading","settings":{"heading":"Sie finden uns hier","heading_size":"h2"}},"text_fe8YDj":{"type":"text","settings":{"text":"<p>Christoph Nuppenau<br\/>Am Kleinen Glubigsee 31<br\/>15864 Wendisch Rietz<\/p><p>Tel. : <a href=\"tel:+49 33679 \/ 750 73\">+49 33679 \/ 750 73<\/a><\/p><p>E-Mail: <a href=\"mailto:info@fischhaus-glubigsee.de\" title=\"info@fischhaus-glubigsee.de\">info@fischhaus-glubigsee.de<\/a><\/p>","text_style":"body"}},"button_LKWtPR":{"type":"button","settings":{"button_label":"","button_link":"","button_style_secondary":false}}},"block_order":["heading_nq63D4","text_fe8YDj","button_LKWtPR"],"settings":{"image":"shopify:\/\/shop_images\/Bildschirmfoto_2024-02-12_um_12.39.12.png","height":"adapt","desktop_image_width":"medium","layout":"image_first","desktop_content_position":"top","desktop_content_alignment":"left","content_layout":"no-overlap","section_color_scheme":"","color_scheme":"","image_behavior":"none","mobile_content_alignment":"right","padding_top":0,"padding_bottom":36}},"custom_liquid_YmddmT":{"type":"custom-liquid","settings":{"custom_liquid":"<iframe src=\"https:\/\/www.google.com\/maps\/embed?pb=!1m18!1m12!1m3!1d398537.44548385113!2d13.326854138772056!3d52.29872296633527!2m3!1f0!2f0!3f0!3m2!1i1024!2i768!4f13.1!3m3!1m2!1s0x4707f5485cc8a8a7%3A0x24d1696176a70b2a!2sFischhaus%20am%20Glubigsee%20Hotel%20%26%20Restaurant!5e0!3m2!1sde!2sde!4v1709022660523!5m2!1sde!2sde\" width=\"100%\" height=\"450\" style=\"border:0;\" allowfullscreen=\"\" loading=\"lazy\" referrerpolicy=\"no-referrer-when-downgrade\"><\/iframe>","color_scheme":"","padding_top":40,"padding_bottom":0}}},"order":["main","form","image_banner_6c8hmT","image_with_text_arUzqt","custom_liquid_YmddmT"]}