{"sections":{"main":{"type":"main-page","disabled":true,"settings":{"padding_top":28,"padding_bottom":28}},"image_banner_R8mMHc":{"type":"image-banner","blocks":{"heading_r3wdhU":{"type":"heading","settings":{"heading":"Restaurant","heading_size":"h1"}},"text_wqyNLw":{"type":"text","settings":{"text":"Ganzjährig laden wir Sie auf unsere sonnige Seeterrasse oder ins gemütliche Restaurant mit eigenem Kamin ein. Wir richten auch gerne Feierlichkeiten für Sie aus.","text_style":"body"}},"buttons_9a7WcT":{"type":"buttons","settings":{"button_label_1":"Tisch reservieren","button_link_1":"shopify:\/\/pages\/contact","button_style_secondary_1":true,"button_label_2":"","button_link_2":"","button_style_secondary_2":false}}},"block_order":["heading_r3wdhU","text_wqyNLw","buttons_9a7WcT"],"settings":{"image":"shopify:\/\/shop_images\/IMG_2835-HDR-Bearbeitet.jpg","image_overlay_opacity":30,"image_height":"small","desktop_content_position":"top-center","show_text_box":true,"desktop_content_alignment":"center","color_scheme":"scheme-2","image_behavior":"none","mobile_content_alignment":"center","stack_images_on_mobile":true,"show_text_below":true}},"rich_text_7dzEHp":{"type":"rich-text","blocks":{"heading_TjrRRb":{"type":"heading","settings":{"heading":"Eine Oase zum Genießen und Wohlfühlen","heading_size":"h2"}},"text_WegX3k":{"type":"text","settings":{"text":"<p>Die saisonal geprägte Speisenkarte wird durch das Tagesangebot je nach aktuellem Fang ergänzt. Ausgewählte Fleisch- und vegetarische Gerichte runden das Angebot ab. Zu besonderen Feiertagen und Anlässen bieten wir passende Menüs und Spezialitäten an.<\/p>"}},"button_CWCCDB":{"type":"button","settings":{"button_label":"Speisekarte","button_link":"shopify:\/\/pages\/restaurant","button_style_secondary":true,"button_label_2":"Getränkekarte","button_link_2":"shopify:\/\/pages\/restaurant","button_style_secondary_2":true}}},"block_order":["heading_TjrRRb","text_WegX3k","button_CWCCDB"],"settings":{"desktop_content_position":"center","content_alignment":"center","color_scheme":"","full_width":true,"padding_top":40,"padding_bottom":0}},"image_banner_mV7kjx":{"type":"image-banner","settings":{"image":"shopify:\/\/shop_images\/Fish_2_3ee0cb25-721b-4f8c-87f7-004f08fcd87d.png","image_overlay_opacity":0,"image_height":"adapt","desktop_content_position":"middle-center","show_text_box":false,"desktop_content_alignment":"center","color_scheme":"","image_behavior":"none","mobile_content_alignment":"center","stack_images_on_mobile":true,"show_text_below":true}},"rich_text_z66eF8":{"type":"rich-text","blocks":{"heading_9L9VcG":{"type":"heading","settings":{"heading":"Öffnungszeiten","heading_size":"h2"}},"text_f9gEwE":{"type":"text","settings":{"text":"<p><em>November bis Ostern<\/em><br\/>Montag bis Donnerstag <strong>12:00<\/strong> bis <strong>20:00<\/strong> Uhr, Küchenschluss <strong>19:00<\/strong> Uhr <br\/>Freitag bis Sonntag <strong>12:00<\/strong> Uhr bis <strong>21:00<\/strong> Uhr, Küchenschluss <strong>21:00<\/strong> Uhr  <br\/><br\/><em>Gründonnerstag bis Ende Oktober<\/em> <br\/>täglich <strong>12:00<\/strong> Uhr bis <strong>22:00<\/strong> Uhr, <strong>21:00<\/strong> Uhr Küchenschluss <\/p>"}},"button_EWttQJ":{"type":"button","settings":{"button_label":"","button_link":"","button_style_secondary":false,"button_label_2":"","button_link_2":"","button_style_secondary_2":false}}},"block_order":["heading_9L9VcG","text_f9gEwE","button_EWttQJ"],"settings":{"desktop_content_position":"center","content_alignment":"center","color_scheme":"","full_width":true,"padding_top":0,"padding_bottom":52}},"collage_fmwW3r":{"type":"collage","blocks":{"image_aQkczb":{"type":"image","settings":{"image":"shopify:\/\/shop_images\/IMG_2557.jpg"}},"image_NkYUf3":{"type":"image","settings":{"image":"shopify:\/\/shop_images\/IMG_2650.jpg"}},"image_WakEpe":{"type":"image","settings":{"image":"shopify:\/\/shop_images\/IMG_2719.jpg"}}},"block_order":["image_aQkczb","image_NkYUf3","image_WakEpe"],"settings":{"heading":"","heading_size":"h2","desktop_layout":"left","mobile_layout":"column","card_styles":"product-card-wrapper","color_scheme":"","padding_top":36,"padding_bottom":0}},"image_with_text_HkCcWM":{"type":"image-with-text","blocks":{"heading_FDeRKK":{"type":"heading","settings":{"heading":"Zum Mitnehmen und gleich essen","heading_size":"h1"}},"text_hfkk3B":{"type":"text","settings":{"text":"<p>Unsere legendären Fischbrötchen servieren wir auf der Terrasse am Fischhaus. <\/p>","text_style":"body"}},"button_XxkWB8":{"type":"button","settings":{"button_label":"Jetzt vorbestellen","button_link":"shopify:\/\/collections\/frontpage","button_style_secondary":false}}},"block_order":["heading_FDeRKK","text_hfkk3B","button_XxkWB8"],"settings":{"image":"shopify:\/\/shop_images\/DwAObLl-FAXkpQr-iQikIDI.jpg","height":"small","desktop_image_width":"medium","layout":"image_first","desktop_content_position":"top","desktop_content_alignment":"left","content_layout":"no-overlap","section_color_scheme":"scheme-1","color_scheme":"scheme-3","image_behavior":"none","mobile_content_alignment":"center","padding_top":8,"padding_bottom":0}},"collage_NLHcJU":{"type":"collage","blocks":{"image_HrzfiH":{"type":"image","settings":{"image":"shopify:\/\/shop_images\/IMG_2573_0000_IMG_2815.jpg"}},"image_ADdMLT":{"type":"image","settings":{"image":"shopify:\/\/shop_images\/IMG_2584.jpg"}},"image_PAJwnG":{"type":"image","settings":{"image":"shopify:\/\/shop_images\/IMG_2615.jpg"}}},"block_order":["image_HrzfiH","image_ADdMLT","image_PAJwnG"],"settings":{"heading":"","heading_size":"h1","desktop_layout":"right","mobile_layout":"column","card_styles":"product-card-wrapper","color_scheme":"","padding_top":8,"padding_bottom":36}},"rich_text_GAzPhG":{"type":"rich-text","blocks":{"heading_GWKe6J":{"type":"heading","settings":{"heading":"Über das Restaurant","heading_size":"h2"}},"text_t83Jce":{"type":"text","settings":{"text":"<p>Im Jahr 2001 verwirklichte der Fischer Matthias Gödicke seinen Traum und errichtete an einem der idyllischsten Plätze Brandenburgs eine Oase zum Genießen und Wohlfühlen direkt am Kleinen Glubigsee. Seit Juli 2023 betreibt die Samuel Braun Group das Fischhaus.<\/p><p>Seitdem steht die Küche des Fischhauses für Frische, Regionalität, Nachhaltigkeit und die modernen Interpretation traditioneller Gerichte. So finden auch regionale und vergessene Fische und Fischgerichte in traditioneller aber modern interpretierter Zubereitungsweise auf der Karte ihren Platz. Fische wie Zander, Aal, Plötze, Maräne, Hecht, Schlei, Karpfen und Forelle beziehen wir von ortsansässigen Fischern aus den Gewässern der Region. Fische aus der Ostsee und dem Bodden nach wie vor von Fischer Gödicke, aber auch anderen Fischereibetrieben unseres Vertrauens.<\/p>"}},"button_EpyTWq":{"type":"button","settings":{"button_label":"","button_link":"","button_style_secondary":false,"button_label_2":"","button_link_2":"","button_style_secondary_2":false}}},"block_order":["heading_GWKe6J","text_t83Jce","button_EpyTWq"],"settings":{"desktop_content_position":"center","content_alignment":"left","color_scheme":"","full_width":true,"padding_top":40,"padding_bottom":0}},"rich_text_E498Mq":{"type":"rich-text","blocks":{"heading_A89KQx":{"type":"heading","settings":{"heading":"","heading_size":"h1"}},"text_YVMDMn":{"type":"text","settings":{"text":""}},"button_LfMTih":{"type":"button","settings":{"button_label":"Jetzt Tisch reservieren!","button_link":"shopify:\/\/pages\/contact","button_style_secondary":false,"button_label_2":"","button_link_2":"","button_style_secondary_2":false}}},"block_order":["heading_A89KQx","text_YVMDMn","button_LfMTih"],"settings":{"desktop_content_position":"center","content_alignment":"center","color_scheme":"","full_width":true,"padding_top":0,"padding_bottom":80}}},"order":["main","image_banner_R8mMHc","rich_text_7dzEHp","image_banner_mV7kjx","rich_text_z66eF8","collage_fmwW3r","image_with_text_HkCcWM","collage_NLHcJU","rich_text_GAzPhG","rich_text_E498Mq"]}