{"sections":{"main":{"type":"main-page","disabled":true,"settings":{"padding_top":28,"padding_bottom":28}},"image_with_text_73haAJ":{"type":"image-with-text","blocks":{"heading_763c6K":{"type":"heading","settings":{"heading":"Einzelzimmer","heading_size":"h1"}},"text_gm8KAV":{"type":"text","settings":{"text":"<p>Lorem ipsum dolor sit amet<\/p><p>• 18m²<br\/>• King Size Bett<br\/>• Blick zur Strasse oder Hof<br\/>• kostenfreies WLan<br\/>• TV<br\/>• Dusche<br\/>• kostenfreie Flasche Wasser<\/p>","text_style":"body"}},"button_KfHDMk":{"type":"button","settings":{"button_label":"Jetzt buchen","button_link":"","button_style_secondary":false}}},"block_order":["heading_763c6K","text_gm8KAV","button_KfHDMk"],"settings":{"image":"shopify:\/\/shop_images\/202102616301341_Doppelzimmer.jpg-720x480.jpg","height":"adapt","desktop_image_width":"medium","layout":"image_first","desktop_content_position":"top","desktop_content_alignment":"left","content_layout":"no-overlap","section_color_scheme":"","color_scheme":"","image_behavior":"none","mobile_content_alignment":"left","padding_top":36,"padding_bottom":36}},"collage_xwUtCc":{"type":"collage","blocks":{"image_kcnyiK":{"type":"image","settings":{"image":"shopify:\/\/shop_images\/202102616301341_Doppelzimmer.jpg-720x480.jpg"}},"image_CCmEFh":{"type":"image","settings":{"image":"shopify:\/\/shop_images\/202102616301341_Doppelzimmer.jpg-720x480.jpg"}},"image_8nnRrE":{"type":"image","settings":{"image":"shopify:\/\/shop_images\/202102616301341_Doppelzimmer.jpg-720x480.jpg"}}},"block_order":["image_kcnyiK","image_CCmEFh","image_8nnRrE"],"settings":{"heading":"","heading_size":"h1","desktop_layout":"left","mobile_layout":"column","card_styles":"product-card-wrapper","color_scheme":"","padding_top":36,"padding_bottom":36}},"collapsible_content_G6g8tY":{"type":"collapsible-content","blocks":{"collapsible_row_Dt3JrM":{"type":"collapsible_row","settings":{"heading":"Ausstattung","icon":"clipboard","row_content":"<ul><li>Internet<\/li><li>WC<\/li><li>Kabel-\/Sat-TV<\/li><li>Badezimmer M. Dusche<\/li><li>Nichtraucher<\/li><\/ul>","page":""}}},"block_order":["collapsible_row_Dt3JrM"],"settings":{"caption":"","heading":"","heading_size":"h1","heading_alignment":"center","layout":"none","color_scheme":"","container_color_scheme":"","open_first_collapsible_row":false,"image_ratio":"adapt","desktop_layout":"image_second","padding_top":36,"padding_bottom":36}}},"order":["main","image_with_text_73haAJ","collage_xwUtCc","collapsible_content_G6g8tY"]}